﻿4;there is no shame in preferring happiness
4;Nothing is ever over, all it takes is a bit of happiness to make it all start again
4;if it was possible to leave a ship during a storm, no one would ever have crossed the ocean
4;To love is to risk rejection. To live is to risk dying
4;Believe in your dreams and maybe they will come true. Believe in yourself and they will surely come true
0;Spring is not the best of seasons
0;There are plenty of silverfish in amsterdam, it's horrible
0;The education system in France sucks compared to here
0; it's raining outside
0;the sun is non-existent
